t;p_eddy;flux;phi_imposed;fluxH;phiH_imposed;NI
0;0;0;0;0;0;0
2e-08;0;0;0;9.88131e-323;0;-6.30709e-319
4e-08;10521.6;8.86286e-09;8.86286e-09;1.61427e-05;1.61427e-05;0.0321987
6e-08;10147.5;2.64225e-08;2.64225e-08;1.91205e-05;1.91205e-05;0.0345244
8e-08;9721.16;4.36836e-08;4.36836e-08;2.20984e-05;2.20984e-05;0.0368658
1e-07;9247.96;6.07069e-08;6.07069e-08;2.50762e-05;2.50762e-05;0.0392316
1.2e-07;8736.53;7.75407e-08;7.75407e-08;2.8054e-05;2.8054e-05;0.0416289
1.4e-07;8197.24;9.42235e-08;9.42235e-08;3.10318e-05;3.10318e-05;0.0440632
1.6e-07;7640.92;1.10786e-07;1.10786e-07;3.40097e-05;3.40097e-05;0.0465386
1.8e-07;7078.03;1.27253e-07;1.27253e-07;3.69875e-05;3.69875e-05;0.0490583
2e-07;6518.1;1.43643e-07;1.43643e-07;3.99653e-05;3.99653e-05;0.051624
2.2e-07;5969.45;1.59972e-07;1.59972e-07;4.29431e-05;4.29431e-05;0.0542369
2.4e-07;5439.04;1.76253e-07;1.76253e-07;4.5921e-05;4.5921e-05;0.0568974
2.6e-07;4932.42;1.92496e-07;1.92496e-07;4.88988e-05;4.88988e-05;0.0596051
2.8e-07;4453.79;2.08707e-07;2.08707e-07;5.18766e-05;5.18766e-05;0.0623592
3e-07;4006.13;2.24894e-07;2.24894e-07;5.48544e-05;5.48544e-05;0.0651586
3.2e-07;3591.31;2.41062e-07;2.41062e-07;5.78323e-05;5.78323e-05;0.0680015
3.4e-07;3210.23;2.57213e-07;2.57213e-07;6.08101e-05;6.08101e-05;0.0708863
3.6e-07;2863.04;2.73353e-07;2.73353e-07;6.37879e-05;6.37879e-05;0.0738108
3.8e-07;2549.2;2.89482e-07;2.89482e-07;6.67657e-05;6.67657e-05;0.0767729
4e-07;2267.69;3.05604e-07;3.05604e-07;6.97436e-05;6.97436e-05;0.0797703
4.2e-07;2017.11;3.21719e-07;3.21719e-07;7.27214e-05;7.27214e-05;0.0828008
4.4e-07;1795.78;3.3783e-07;3.3783e-07;7.56992e-05;7.56992e-05;0.085862
4.6e-07;1601.83;3.53936e-07;3.53936e-07;7.86771e-05;7.86771e-05;0.0889515
4.8e-07;1433.32;3.7004e-07;3.7004e-07;8.16549e-05;8.16549e-05;0.0920672
5e-07;1288.24;3.8614e-07;3.8614e-07;8.46327e-05;8.46327e-05;0.0952068
5.2e-07;1164.6;4.02239e-07;4.02239e-07;8.76105e-05;8.76105e-05;0.0983683
5.4e-07;15866.6;4.0061e-07;4.0061e-07;5.83029e-05;5.83029e-05;0.0371521
5.6e-07;16107.8;3.81587e-07;3.81587e-07;5.53251e-05;5.53251e-05;0.0356998
5.8e-07;16134.3;3.6316e-07;3.6316e-07;5.23473e-05;5.23473e-05;0.0342323
6e-07;15941.7;3.45207e-07;3.45207e-07;4.93695e-05;4.93695e-05;0.0327303
6.2e-07;15544.7;3.27633e-07;3.27633e-07;4.63916e-05;4.63916e-05;0.031178
6.4e-07;14969.9;3.1036e-07;3.1036e-07;4.34138e-05;4.34138e-05;0.0295631
6.6e-07;14249.7;2.93327e-07;2.93327e-07;4.0436e-05;4.0436e-05;0.0278757
6.8e-07;13418.5;2.76486e-07;2.76486e-07;3.74582e-05;3.74582e-05;0.0261088
7e-07;12510;2.59797e-07;2.59797e-07;3.44803e-05;3.44803e-05;0.0242572
7.2e-07;11555;2.4323e-07;2.4323e-07;3.15025e-05;3.15025e-05;0.0223178
7.4e-07;10581;2.2676e-07;2.2676e-07;2.85247e-05;2.85247e-05;0.0202889
7.6e-07;9610.94;2.10366e-07;2.10366e-07;2.55469e-05;2.55469e-05;0.0181703
7.8e-07;8663.84;1.94035e-07;1.94035e-07;2.2569e-05;2.2569e-05;0.0159628
8e-07;7754.42;1.77752e-07;1.77752e-07;1.95912e-05;1.95912e-05;0.0136683
8.2e-07;6893.66;1.61508e-07;1.61508e-07;1.66134e-05;1.66134e-05;0.0112893
8.4e-07;6089.16;1.45295e-07;1.45295e-07;1.36356e-05;1.36356e-05;0.00882895
8.6e-07;5345.62;1.29107e-07;1.29107e-07;1.06577e-05;1.06577e-05;0.00629083
8.8e-07;4665.34;1.12939e-07;1.12939e-07;7.6799e-06;7.6799e-06;0.00367891
9e-07;4048.65;9.67866e-08;9.67866e-08;4.70207e-06;4.70207e-06;0.000997363
9.2e-07;3494.37;8.06467e-08;8.06467e-08;1.72425e-06;1.72425e-06;-0.00174948
9.4e-07;3000.15;6.45167e-08;6.45167e-08;-1.25358e-06;-1.25358e-06;-0.00455723
9.6e-07;2562.83;4.83947e-08;4.83947e-08;-4.2314e-06;-4.2314e-06;-0.00742149
9.8e-07;2178.69;3.22791e-08;3.22791e-08;-7.20923e-06;-7.20923e-06;-0.0103379
1e-06;1843.7;1.61685e-08;1.61685e-08;-1.01871e-05;-1.01871e-05;-0.0133022
1.02e-06;1553.66;6.1877e-11;6.1877e-11;-1.31649e-05;-1.31649e-05;-0.0163103
1.04e-06;1304.4;-1.60415e-08;-1.60415e-08;-1.61427e-05;-1.61427e-05;-0.0193583
1.06e-06;1091.82;-3.21423e-08;-3.21423e-08;-1.91205e-05;-1.91205e-05;-0.0224423
1.08e-06;912.023;-4.82411e-08;-4.82411e-08;-2.20984e-05;-2.20984e-05;-0.0255587
1.1e-06;761.325;-6.43383e-08;-6.43383e-08;-2.50762e-05;-2.50762e-05;-0.0287043
1.12e-06;636.308;-8.04341e-08;-8.04341e-08;-2.8054e-05;-2.8054e-05;-0.0318759
1.14e-06;533.831;-9.6529e-08;-9.6529e-08;-3.10318e-05;-3.10318e-05;-0.0350705
1.16e-06;451.033;-1.12623e-07;-1.12623e-07;-3.40097e-05;-3.40097e-05;-0.0382855
1.18e-06;385.328;-1.28716e-07;-1.28716e-07;-3.69875e-05;-3.69875e-05;-0.0415183
1.2e-06;334.397;-1.44809e-07;-1.44809e-07;-3.99653e-05;-3.99653e-05;-0.0447666
1.22e-06;296.173;-1.60902e-07;-1.60902e-07;-4.29431e-05;-4.29431e-05;-0.0480285
1.24e-06;268.823;-1.76994e-07;-1.76994e-07;-4.5921e-05;-4.5921e-05;-0.0513019
1.26e-06;250.728;-1.93086e-07;-1.93086e-07;-4.88988e-05;-4.88988e-05;-0.0545852
1.28e-06;240.47;-2.09177e-07;-2.09177e-07;-5.18766e-05;-5.18766e-05;-0.0578768
1.3e-06;236.805;-2.25269e-07;-2.25269e-07;-5.48544e-05;-5.48544e-05;-0.0611755
1.32e-06;238.653;-2.4136e-07;-2.4136e-07;-5.78323e-05;-5.78323e-05;-0.0644799
1.34e-06;245.079;-2.57451e-07;-2.57451e-07;-6.08101e-05;-6.08101e-05;-0.0677891
1.36e-06;255.275;-2.73542e-07;-2.73542e-07;-6.37879e-05;-6.37879e-05;-0.0711021
1.38e-06;268.548;-2.89633e-07;-2.89633e-07;-6.67657e-05;-6.67657e-05;-0.074418
1.4e-06;284.307;-3.05724e-07;-3.05724e-07;-6.97436e-05;-6.97436e-05;-0.0777362
1.42e-06;302.053;-3.21815e-07;-3.21815e-07;-7.27214e-05;-7.27214e-05;-0.081056
1.44e-06;321.364;-3.37906e-07;-3.37906e-07;-7.56992e-05;-7.56992e-05;-0.084377
1.46e-06;341.889;-3.53997e-07;-3.53997e-07;-7.86771e-05;-7.86771e-05;-0.0876987
1.48e-06;363.338;-3.70088e-07;-3.70088e-07;-8.16549e-05;-8.16549e-05;-0.0910207
1.5e-06;385.477;-3.86179e-07;-3.86179e-07;-8.46327e-05;-8.46327e-05;-0.0943428
1.52e-06;408.115;-4.0227e-07;-4.0227e-07;-8.76105e-05;-8.76105e-05;-0.0976647
1.54e-06;16976.4;-4.00635e-07;-4.00635e-07;-5.83029e-05;-5.83029e-05;-0.0365887
1.56e-06;17133.5;-3.81607e-07;-3.81607e-07;-5.53251e-05;-5.53251e-05;-0.0352582
1.58e-06;17052.9;-3.63175e-07;-3.63175e-07;-5.23473e-05;-5.23473e-05;-0.0338957
1.6e-06;16741.6;-3.45219e-07;-3.45219e-07;-4.93695e-05;-4.93695e-05;-0.0324837
1.62e-06;16223.3;-3.27643e-07;-3.27643e-07;-4.63916e-05;-4.63916e-05;-0.0310078
1.64e-06;15530.7;-3.10368e-07;-3.10368e-07;-4.34138e-05;-4.34138e-05;-0.0294571
1.66e-06;14700.4;-2.93334e-07;-2.93334e-07;-4.0436e-05;-4.0436e-05;-0.0278232
1.68e-06;13769.5;-2.76491e-07;-2.76491e-07;-3.74582e-05;-3.74582e-05;-0.0261002
1.7e-06;12773;-2.59801e-07;-2.59801e-07;-3.44803e-05;-3.44803e-05;-0.0242841
1.72e-06;11742.2;-2.43233e-07;-2.43233e-07;-3.15025e-05;-3.15025e-05;-0.0223728
1.74e-06;10704.4;-2.26762e-07;-2.26762e-07;-2.85247e-05;-2.85247e-05;-0.0203657
1.76e-06;9681.91;-2.10368e-07;-2.10368e-07;-2.55469e-05;-2.55469e-05;-0.0182635
1.78e-06;8692.78;-1.94036e-07;-1.94036e-07;-2.2569e-05;-2.2569e-05;-0.0160677
1.8e-06;7750.63;-1.77753e-07;-1.77753e-07;-1.95912e-05;-1.95912e-05;-0.0137808
1.82e-06;6865.24;-1.61509e-07;-1.61509e-07;-1.66134e-05;-1.66134e-05;-0.0114062
1.84e-06;6043.06;-1.45296e-07;-1.45296e-07;-1.36356e-05;-1.36356e-05;-0.00894739
1.86e-06;5287.68;-1.29108e-07;-1.29108e-07;-1.06577e-05;-1.06577e-05;-0.00640859
1.88e-06;4600.37;-1.1294e-07;-1.1294e-07;-7.6799e-06;-7.6799e-06;-0.00379418
1.9e-06;3980.55;-9.6787e-08;-9.6787e-08;-4.70207e-06;-4.70207e-06;-0.00110871
1.92e-06;3426.23;-8.0647e-08;-8.0647e-08;-1.72425e-06;-1.72425e-06;0.00164314
1.94e-06;2934.38;-6.4517e-08;-6.4517e-08;1.25358e-06;1.25358e-06;0.00445671
1.96e-06;2501.24;-4.83949e-08;-4.83949e-08;4.2314e-06;4.2314e-06;0.00732733
1.98e-06;2122.6;-3.22792e-08;-3.22792e-08;7.20923e-06;7.20923e-06;0.0102505
2e-06;1794.04;-1.61686e-08;-1.61686e-08;1.01871e-05;1.01871e-05;0.0132217
2.02e-06;1511.04;-6.19822e-11;-6.19822e-11;1.31649e-05;1.31649e-05;0.0162367
2.04e-06;1269.17;1.60414e-08;1.60414e-08;1.61427e-05;1.61427e-05;0.0192915
2.06e-06;1064.15;3.21422e-08;3.21422e-08;1.91205e-05;1.91205e-05;0.0223821
2.08e-06;891.909;4.8241e-08;4.8241e-08;2.20984e-05;2.20984e-05;0.025505
2.1e-06;748.672;6.43382e-08;6.43382e-08;2.50762e-05;2.50762e-05;0.0286566
2.12e-06;630.936;8.04341e-08;8.04341e-08;2.8054e-05;2.8054e-05;0.0318339
2.14e-06;535.504;9.65289e-08;9.65289e-08;3.10318e-05;3.10318e-05;0.0350339
2.16e-06;459.479;1.12623e-07;1.12623e-07;3.40097e-05;3.40097e-05;0.0382538
2.18e-06;400.255;1.28716e-07;1.28716e-07;3.69875e-05;3.69875e-05;0.0414912
2.2e-06;355.504;1.44809e-07;1.44809e-07;3.99653e-05;3.99653e-05;0.0447437
2.22e-06;323.157;1.60902e-07;1.60902e-07;4.29431e-05;4.29431e-05;0.0480093
2.24e-06;301.384;1.76994e-07;1.76994e-07;4.5921e-05;4.5921e-05;0.0512861
2.26e-06;288.578;1.93086e-07;1.93086e-07;4.88988e-05;4.88988e-05;0.0545724
2.28e-06;283.331;2.09177e-07;2.09177e-07;5.18766e-05;5.18766e-05;0.0578667
2.3e-06;284.414;2.25269e-07;2.25269e-07;5.48544e-05;5.48544e-05;0.0611677
2.32e-06;290.763;2.4136e-07;2.4136e-07;5.78323e-05;5.78323e-05;0.0644742
2.34e-06;301.455;2.57451e-07;2.57451e-07;6.08101e-05;6.08101e-05;0.0677852
2.36e-06;315.7;2.73542e-07;2.73542e-07;6.37879e-05;6.37879e-05;0.0710996
2.38e-06;332.822;2.89633e-07;2.89633e-07;6.67657e-05;6.67657e-05;0.0744168
2.4e-06;352.243;3.05724e-07;3.05724e-07;6.97436e-05;6.97436e-05;0.0777361
2.42e-06;373.479;3.21815e-07;3.21815e-07;7.27214e-05;7.27214e-05;0.0810568
2.44e-06;396.122;3.37906e-07;3.37906e-07;7.56992e-05;7.56992e-05;0.0843785
2.46e-06;419.835;3.53997e-07;3.53997e-07;7.86771e-05;7.86771e-05;0.0877007
2.48e-06;444.341;3.70088e-07;3.70088e-07;8.16549e-05;8.16549e-05;0.0910232
2.5e-06;469.417;3.86179e-07;3.86179e-07;8.46327e-05;8.46327e-05;0.0943456
2.52e-06;494.886;4.0227e-07;4.0227e-07;8.76105e-05;8.76105e-05;0.0976677
2.54e-06;16810;4.00635e-07;4.00635e-07;5.83029e-05;5.83029e-05;0.0365918
2.56e-06;16974;3.81607e-07;3.81607e-07;5.53251e-05;5.53251e-05;0.0352613
2.58e-06;16901.5;3.63175e-07;3.63175e-07;5.23473e-05;5.23473e-05;0.0338989
2.6e-06;16599.3;3.45219e-07;3.45219e-07;4.93695e-05;4.93695e-05;0.0324868
2.62e-06;16090.7;3.27643e-07;3.27643e-07;4.63916e-05;4.63916e-05;0.0310108
2.64e-06;15407.9;3.10368e-07;3.10368e-07;4.34138e-05;4.34138e-05;0.02946
2.66e-06;14587.6;2.93334e-07;2.93334e-07;4.0436e-05;4.0436e-05;0.027826
2.68e-06;13666.4;2.76491e-07;2.76491e-07;3.74582e-05;3.74582e-05;0.0261028
2.7e-06;12679.4;2.59801e-07;2.59801e-07;3.44803e-05;3.44803e-05;0.0242865
2.72e-06;11657.6;2.43233e-07;2.43233e-07;3.15025e-05;3.15025e-05;0.0223751
2.74e-06;10628.2;2.26762e-07;2.26762e-07;2.85247e-05;2.85247e-05;0.0203678
2.76e-06;9613.63;2.10368e-07;2.10368e-07;2.55469e-05;2.55469e-05;0.0182654
2.78e-06;8631.7;1.94036e-07;1.94036e-07;2.2569e-05;2.2569e-05;0.0160694
2.8e-06;7696.06;1.77753e-07;1.77753e-07;1.95912e-05;1.95912e-05;0.0137824
2.82e-06;6816.49;1.61509e-07;1.61509e-07;1.66134e-05;1.66134e-05;0.0114076
2.84e-06;5999.43;1.45296e-07;1.45296e-07;1.36356e-05;1.36356e-05;0.00894863
2.86e-06;5248.5;1.29108e-07;1.29108e-07;1.06577e-05;1.06577e-05;0.00640969
2.88e-06;4564.99;1.1294e-07;1.1294e-07;7.6799e-06;7.6799e-06;0.00379514
2.9e-06;3948.34;9.6787e-08;9.6787e-08;4.70207e-06;4.70207e-06;0.00110954
2.92e-06;3396.6;8.0647e-08;8.0647e-08;1.72425e-06;1.72425e-06;-0.00164243
2.94e-06;2906.76;6.4517e-08;6.4517e-08;-1.25358e-06;-1.25358e-06;-0.0044561
2.96e-06;2475.12;4.83949e-08;4.83949e-08;-4.2314e-06;-4.2314e-06;-0.00732682
2.98e-06;2097.51;3.22792e-08;3.22792e-08;-7.20923e-06;-7.20923e-06;-0.01025
3e-06;1769.53;1.61686e-08;1.61686e-08;-1.01871e-05;-1.01871e-05;-0.0132213
3.02e-06;1486.72;6.19822e-11;6.19822e-11;-1.31649e-05;-1.31649e-05;-0.0162364
3.04e-06;1244.68;-1.60414e-08;-1.60414e-08;-1.61427e-05;-1.61427e-05;-0.0192912
3.06e-06;1039.16;-3.21422e-08;-3.21422e-08;-1.91205e-05;-1.91205e-05;-0.0223819
3.08e-06;866.144;-4.8241e-08;-4.8241e-08;-2.20984e-05;-2.20984e-05;-0.0255049
3.1e-06;721.872;-6.43382e-08;-6.43382e-08;-2.50762e-05;-2.50762e-05;-0.0286566
3.12e-06;602.878;-8.04341e-08;-8.04341e-08;-2.8054e-05;-2.8054e-05;-0.0318339
3.14e-06;505.993;-9.65289e-08;-9.65289e-08;-3.10318e-05;-3.10318e-05;-0.0350339
3.16e-06;428.347;-1.12623e-07;-1.12623e-07;-3.40097e-05;-3.40097e-05;-0.0382538
3.18e-06;367.359;-1.28716e-07;-1.28716e-07;-3.69875e-05;-3.69875e-05;-0.0414912
3.2e-06;320.722;-1.44809e-07;-1.44809e-07;-3.99653e-05;-3.99653e-05;-0.0447437
3.22e-06;286.387;-1.60902e-07;-1.60902e-07;-4.29431e-05;-4.29431e-05;-0.0480093
3.24e-06;262.543;-1.76994e-07;-1.76994e-07;-4.5921e-05;-4.5921e-05;-0.0512861
3.26e-06;247.599;-1.93086e-07;-1.93086e-07;-4.88988e-05;-4.88988e-05;-0.0545725
3.28e-06;240.159;-2.09177e-07;-2.09177e-07;-5.18766e-05;-5.18766e-05;-0.0578668
3.3e-06;239.009;-2.25269e-07;-2.25269e-07;-5.48544e-05;-5.48544e-05;-0.0611678
3.32e-06;243.094;-2.4136e-07;-2.4136e-07;-5.78323e-05;-5.78323e-05;-0.0644743
3.34e-06;251.503;-2.57451e-07;-2.57451e-07;-6.08101e-05;-6.08101e-05;-0.0677852
3.36e-06;263.453;-2.73542e-07;-2.73542e-07;-6.37879e-05;-6.37879e-05;-0.0710997
3.38e-06;278.274;-2.89633e-07;-2.89633e-07;-6.67657e-05;-6.67657e-05;-0.0744169
3.4e-06;295.396;-3.05724e-07;-3.05724e-07;-6.97436e-05;-6.97436e-05;-0.0777362
3.42e-06;314.339;-3.21815e-07;-3.21815e-07;-7.27214e-05;-7.27214e-05;-0.0810569
3.44e-06;334.7;-3.37906e-07;-3.37906e-07;-7.56992e-05;-7.56992e-05;-0.0843786
3.46e-06;356.145;-3.53997e-07;-3.53997e-07;-7.86771e-05;-7.86771e-05;-0.0877008
3.48e-06;378.399;-3.70088e-07;-3.70088e-07;-8.16549e-05;-8.16549e-05;-0.0910233
3.5e-06;401.243;-3.86179e-07;-3.86179e-07;-8.46327e-05;-8.46327e-05;-0.0943456
3.52e-06;424.5;-4.0227e-07;-4.0227e-07;-8.76105e-05;-8.76105e-05;-0.0976677
3.54e-06;16950.7;-4.00635e-07;-4.00635e-07;-5.83029e-05;-5.83029e-05;-0.0365919
3.56e-06;17108.1;-3.81607e-07;-3.81607e-07;-5.53251e-05;-5.53251e-05;-0.0352614
3.58e-06;17028.2;-3.63175e-07;-3.63175e-07;-5.23473e-05;-5.23473e-05;-0.0338989
3.6e-06;16717.8;-3.45219e-07;-3.45219e-07;-4.93695e-05;-4.93695e-05;-0.0324868
3.62e-06;16200.6;-3.27643e-07;-3.27643e-07;-4.63916e-05;-4.63916e-05;-0.0310109
3.64e-06;15509.2;-3.10368e-07;-3.10368e-07;-4.34138e-05;-4.34138e-05;-0.02946
3.66e-06;14680.3;-2.93334e-07;-2.93334e-07;-4.0436e-05;-4.0436e-05;-0.027826
3.68e-06;13750.8;-2.76491e-07;-2.76491e-07;-3.74582e-05;-3.74582e-05;-0.0261028
3.7e-06;12755.8;-2.59801e-07;-2.59801e-07;-3.44803e-05;-3.44803e-05;-0.0242865
3.72e-06;11726.5;-2.43233e-07;-2.43233e-07;-3.15025e-05;-3.15025e-05;-0.0223751
3.74e-06;10690.1;-2.26762e-07;-2.26762e-07;-2.85247e-05;-2.85247e-05;-0.0203678
3.76e-06;9668.98;-2.10368e-07;-2.10368e-07;-2.55469e-05;-2.55469e-05;-0.0182654
3.78e-06;8681.15;-1.94036e-07;-1.94036e-07;-2.2569e-05;-2.2569e-05;-0.0160694
3.8e-06;7740.19;-1.77753e-07;-1.77753e-07;-1.95912e-05;-1.95912e-05;-0.0137824
3.82e-06;6855.9;-1.61509e-07;-1.61509e-07;-1.66134e-05;-1.66134e-05;-0.0114076
3.84e-06;6034.7;-1.45296e-07;-1.45296e-07;-1.36356e-05;-1.36356e-05;-0.00894863
3.86e-06;5280.19;-1.29108e-07;-1.29108e-07;-1.06577e-05;-1.06577e-05;-0.00640969
3.88e-06;4593.64;-1.1294e-07;-1.1294e-07;-7.6799e-06;-7.6799e-06;-0.00379514
3.9e-06;3974.47;-9.6787e-08;-9.6787e-08;-4.70207e-06;-4.70207e-06;-0.00110954
3.92e-06;3420.69;-8.0647e-08;-8.0647e-08;-1.72425e-06;-1.72425e-06;0.00164243
3.94e-06;2929.28;-6.4517e-08;-6.4517e-08;1.25358e-06;1.25358e-06;0.0044561
3.96e-06;2496.48;-4.83949e-08;-4.83949e-08;4.2314e-06;4.2314e-06;0.00732682
3.98e-06;2118.1;-3.22792e-08;-3.22792e-08;7.20923e-06;7.20923e-06;0.01025
4e-06;1789.71;-1.61686e-08;-1.61686e-08;1.01871e-05;1.01871e-05;0.0132213
4.02e-06;1506.81;-6.19822e-11;-6.19822e-11;1.31649e-05;1.31649e-05;0.0162364
4.04e-06;1264.97;1.60414e-08;1.60414e-08;1.61427e-05;1.61427e-05;0.0192912
4.06e-06;1059.91;3.21422e-08;3.21422e-08;1.91205e-05;1.91205e-05;0.0223819
4.08e-06;887.591;4.8241e-08;4.8241e-08;2.20984e-05;2.20984e-05;0.0255049
4.1e-06;744.219;6.43382e-08;6.43382e-08;2.50762e-05;2.50762e-05;0.0286566
4.12e-06;626.305;8.04341e-08;8.04341e-08;2.8054e-05;2.8054e-05;0.0318339
4.14e-06;530.658;9.65289e-08;9.65289e-08;3.10318e-05;3.10318e-05;0.0350339
4.16e-06;454.387;1.12623e-07;1.12623e-07;3.40097e-05;3.40097e-05;0.0382538
4.18e-06;394.888;1.28716e-07;1.28716e-07;3.69875e-05;3.69875e-05;0.0414912
4.2e-06;349.84;1.44809e-07;1.44809e-07;3.99653e-05;3.99653e-05;0.0447437
4.22e-06;317.175;1.60902e-07;1.60902e-07;4.29431e-05;4.29431e-05;0.0480093
4.24e-06;295.069;1.76994e-07;1.76994e-07;4.5921e-05;4.5921e-05;0.0512861
4.26e-06;281.917;1.93086e-07;1.93086e-07;4.88988e-05;4.88988e-05;0.0545725
4.28e-06;276.313;2.09177e-07;2.09177e-07;5.18766e-05;5.18766e-05;0.0578668
4.3e-06;277.031;2.25269e-07;2.25269e-07;5.48544e-05;5.48544e-05;0.0611678
4.32e-06;283.009;2.4136e-07;2.4136e-07;5.78323e-05;5.78323e-05;0.0644743
4.34e-06;293.326;2.57451e-07;2.57451e-07;6.08101e-05;6.08101e-05;0.0677852
4.36e-06;307.193;2.73542e-07;2.73542e-07;6.37879e-05;6.37879e-05;0.0710997
4.38e-06;323.935;2.89633e-07;2.89633e-07;6.67657e-05;6.67657e-05;0.0744169
4.4e-06;342.977;3.05724e-07;3.05724e-07;6.97436e-05;6.97436e-05;0.0777362
4.42e-06;363.834;3.21815e-07;3.21815e-07;7.27214e-05;7.27214e-05;0.0810569
4.44e-06;386.1;3.37906e-07;3.37906e-07;7.56992e-05;7.56992e-05;0.0843786
4.46e-06;409.438;3.53997e-07;3.53997e-07;7.86771e-05;7.86771e-05;0.0877008
4.48e-06;433.572;3.70088e-07;3.70088e-07;8.16549e-05;8.16549e-05;0.0910233
4.5e-06;458.279;3.86179e-07;3.86179e-07;8.46327e-05;8.46327e-05;0.0943456
4.52e-06;483.381;4.0227e-07;4.0227e-07;8.76105e-05;8.76105e-05;0.0976677
4.54e-06;16833;4.00635e-07;4.00635e-07;5.83029e-05;5.83029e-05;0.0365919
4.56e-06;16995.9;3.81607e-07;3.81607e-07;5.53251e-05;5.53251e-05;0.0352614
4.58e-06;16922.2;3.63175e-07;3.63175e-07;5.23473e-05;5.23473e-05;0.0338989
4.6e-06;16618.7;3.45219e-07;3.45219e-07;4.93695e-05;4.93695e-05;0.0324868
4.62e-06;16108.7;3.27643e-07;3.27643e-07;4.63916e-05;4.63916e-05;0.0310109
4.64e-06;15424.5;3.10368e-07;3.10368e-07;4.34138e-05;4.34138e-05;0.02946
4.66e-06;14602.7;2.93334e-07;2.93334e-07;4.0436e-05;4.0436e-05;0.027826
4.68e-06;13680.3;2.76491e-07;2.76491e-07;3.74582e-05;3.74582e-05;0.0261028
4.7e-06;12691.9;2.59801e-07;2.59801e-07;3.44803e-05;3.44803e-05;0.0242865
4.72e-06;11668.9;2.43233e-07;2.43233e-07;3.15025e-05;3.15025e-05;0.0223751
4.74e-06;10638.4;2.26762e-07;2.26762e-07;2.85247e-05;2.85247e-05;0.0203678
4.76e-06;9622.69;2.10368e-07;2.10368e-07;2.55469e-05;2.55469e-05;0.0182654
4.78e-06;8639.79;1.94036e-07;1.94036e-07;2.2569e-05;2.2569e-05;0.0160694
4.8e-06;7703.28;1.77753e-07;1.77753e-07;1.95912e-05;1.95912e-05;0.0137824
4.82e-06;6822.94;1.61509e-07;1.61509e-07;1.66134e-05;1.66134e-05;0.0114076
4.84e-06;6005.21;1.45296e-07;1.45296e-07;1.36356e-05;1.36356e-05;0.00894863
4.86e-06;5253.69;1.29108e-07;1.29108e-07;1.06577e-05;1.06577e-05;0.00640969
4.88e-06;4569.68;1.1294e-07;1.1294e-07;7.6799e-06;7.6799e-06;0.00379514
4.9e-06;3952.62;9.6787e-08;9.6787e-08;4.70207e-06;4.70207e-06;0.00110954
4.92e-06;3400.55;8.0647e-08;8.0647e-08;1.72425e-06;1.72425e-06;-0.00164243
4.94e-06;2910.45;6.4517e-08;6.4517e-08;-1.25358e-06;-1.25358e-06;-0.0044561
4.96e-06;2478.62;4.83949e-08;4.83949e-08;-4.2314e-06;-4.2314e-06;-0.00732682
4.98e-06;2100.88;3.22792e-08;3.22792e-08;-7.20923e-06;-7.20923e-06;-0.01025
5e-06;1772.84;1.61686e-08;1.61686e-08;-1.01871e-05;-1.01871e-05;-0.0132213
5.02e-06;1490.02;6.19822e-11;6.19822e-11;-1.31649e-05;-1.31649e-05;-0.0162364
5.04e-06;1248.01;-1.60414e-08;-1.60414e-08;-1.61427e-05;-1.61427e-05;-0.0192912
5.06e-06;1042.56;-3.21422e-08;-3.21422e-08;-1.91205e-05;-1.91205e-05;-0.0223819
5.08e-06;869.661;-4.8241e-08;-4.8241e-08;-2.20984e-05;-2.20984e-05;-0.0255049
5.1e-06;725.537;-6.43382e-08;-6.43382e-08;-2.50762e-05;-2.50762e-05;-0.0286566
5.12e-06;606.719;-8.04341e-08;-8.04341e-08;-2.8054e-05;-2.8054e-05;-0.0318339
5.14e-06;510.038;-9.65289e-08;-9.65289e-08;-3.10318e-05;-3.10318e-05;-0.0350339
5.16e-06;432.617;-1.12623e-07;-1.12623e-07;-3.40097e-05;-3.40097e-05;-0.0382538
5.18e-06;371.873;-1.28716e-07;-1.28716e-07;-3.69875e-05;-3.69875e-05;-0.0414912
5.2e-06;325.496;-1.44809e-07;-1.44809e-07;-3.99653e-05;-3.99653e-05;-0.0447437
5.22e-06;291.435;-1.60902e-07;-1.60902e-07;-4.29431e-05;-4.29431e-05;-0.0480093
5.24e-06;267.876;-1.76994e-07;-1.76994e-07;-4.5921e-05;-4.5921e-05;-0.0512861
5.26e-06;253.225;-1.93086e-07;-1.93086e-07;-4.88988e-05;-4.88988e-05;-0.0545725
5.28e-06;246.086;-2.09177e-07;-2.09177e-07;-5.18766e-05;-5.18766e-05;-0.0578668
5.3e-06;245.242;-2.25269e-07;-2.25269e-07;-5.48544e-05;-5.48544e-05;-0.0611678
5.32e-06;249.638;-2.4136e-07;-2.4136e-07;-5.78323e-05;-5.78323e-05;-0.0644743
5.34e-06;258.359;-2.57451e-07;-2.57451e-07;-6.08101e-05;-6.08101e-05;-0.0677852
5.36e-06;270.623;-2.73542e-07;-2.73542e-07;-6.37879e-05;-6.37879e-05;-0.0710997
5.38e-06;285.759;-2.89633e-07;-2.89633e-07;-6.67657e-05;-6.67657e-05;-0.0744169
5.4e-06;303.196;-3.05724e-07;-3.05724e-07;-6.97436e-05;-6.97436e-05;-0.0777362
5.42e-06;322.452;-3.21815e-07;-3.21815e-07;-7.27214e-05;-7.27214e-05;-0.0810569
5.44e-06;343.126;-3.37906e-07;-3.37906e-07;-7.56992e-05;-7.56992e-05;-0.0843786
5.46e-06;364.881;-3.53997e-07;-3.53997e-07;-7.86771e-05;-7.86771e-05;-0.0877008
5.48e-06;387.444;-3.70088e-07;-3.70088e-07;-8.16549e-05;-8.16549e-05;-0.0910233
5.5e-06;410.592;-3.86179e-07;-3.86179e-07;-8.46327e-05;-8.46327e-05;-0.0943456
5.52e-06;434.152;-4.0227e-07;-4.0227e-07;-8.76105e-05;-8.76105e-05;-0.0976677
5.54e-06;16931.4;-4.00635e-07;-4.00635e-07;-5.83029e-05;-5.83029e-05;-0.0365919
5.56e-06;17089.7;-3.81607e-07;-3.81607e-07;-5.53251e-05;-5.53251e-05;-0.0352614
5.58e-06;17010.8;-3.63175e-07;-3.63175e-07;-5.23473e-05;-5.23473e-05;-0.0338989
5.6e-06;16701.6;-3.45219e-07;-3.45219e-07;-4.93695e-05;-4.93695e-05;-0.0324868
5.62e-06;16185.5;-3.27643e-07;-3.27643e-07;-4.63916e-05;-4.63916e-05;-0.0310109
5.64e-06;15495.3;-3.10368e-07;-3.10368e-07;-4.34138e-05;-4.34138e-05;-0.02946
5.66e-06;14667.6;-2.93334e-07;-2.93334e-07;-4.0436e-05;-4.0436e-05;-0.027826
5.68e-06;13739.3;-2.76491e-07;-2.76491e-07;-3.74582e-05;-3.74582e-05;-0.0261028
5.7e-06;12745.3;-2.59801e-07;-2.59801e-07;-3.44803e-05;-3.44803e-05;-0.0242865
5.72e-06;11717;-2.43233e-07;-2.43233e-07;-3.15025e-05;-3.15025e-05;-0.0223751
5.74e-06;10681.6;-2.26762e-07;-2.26762e-07;-2.85247e-05;-2.85247e-05;-0.0203678
5.76e-06;9661.4;-2.10368e-07;-2.10368e-07;-2.55469e-05;-2.55469e-05;-0.0182654
5.78e-06;8674.37;-1.94036e-07;-1.94036e-07;-2.2569e-05;-2.2569e-05;-0.0160694
5.8e-06;7734.14;-1.77753e-07;-1.77753e-07;-1.95912e-05;-1.95912e-05;-0.0137824
5.82e-06;6850.49;-1.61509e-07;-1.61509e-07;-1.66134e-05;-1.66134e-05;-0.0114076
5.84e-06;6029.86;-1.45296e-07;-1.45296e-07;-1.36356e-05;-1.36356e-05;-0.00894863
5.86e-06;5275.85;-1.29108e-07;-1.29108e-07;-1.06577e-05;-1.06577e-05;-0.00640969
5.88e-06;4589.71;-1.1294e-07;-1.1294e-07;-7.6799e-06;-7.6799e-06;-0.00379514
5.9e-06;3970.89;-9.6787e-08;-9.6787e-08;-4.70207e-06;-4.70207e-06;-0.00110954
5.92e-06;3417.39;-8.0647e-08;-8.0647e-08;-1.72425e-06;-1.72425e-06;0.00164243
5.94e-06;2926.19;-6.4517e-08;-6.4517e-08;1.25358e-06;1.25358e-06;0.0044561
5.96e-06;2493.55;-4.83949e-08;-4.83949e-08;4.2314e-06;4.2314e-06;0.00732682
5.98e-06;2115.28;-3.22792e-08;-3.22792e-08;7.20923e-06;7.20923e-06;0.01025
6e-06;1786.94;-1.61686e-08;-1.61686e-08;1.01871e-05;1.01871e-05;0.0132213
